"Reference","Qty","Value","DNP","Exclude from BOM","Exclude from Board","Exclude from Simulation","Exclude from Position Files","Footprint","Datasheet","Manufacturer","MPN"
"C201,C301,C302","3","100nF","","","","","${EXCLUDE_FROM_POS_FILES}","Capacitor_SMD:C_0805_2012Metric_Pad1.18x1.45mm_HandSolder","","Samsung Electro-Mechanics","CL21B104KBCNFNC"
"C202","1","10uF","","","","","${EXCLUDE_FROM_POS_FILES}","Capacitor_Tantalum_SMD:CP_EIA-3216-18_Kemet-A","","KEMET","T495A106K010ATE1K8"
"C303","1","4.7uF","","","","","${EXCLUDE_FROM_POS_FILES}","Capacitor_SMD:C_0805_2012Metric_Pad1.18x1.45mm_HandSolder","","Samsung Electro-Mechanics","CL21B475KAFNNNE"
"C401,C501,C601","3","33n","","","","","${EXCLUDE_FROM_POS_FILES}","Capacitor_SMD:C_0805_2012Metric_Pad1.18x1.45mm_HandSolder","","KEMET","C0805C333K5RACTU"
"J101","1","Conn_01x02","","","","","${EXCLUDE_FROM_POS_FILES}","TerminalBlock_Phoenix:TerminalBlock_Phoenix_PT-1,5-2-5.0-H_1x02_P5.00mm_Horizontal","","Phoenix Contact","1935161"
"J301","1","E/S","","","","","${EXCLUDE_FROM_POS_FILES}","Connector_PinHeader_2.54mm:PinHeader_1x06_P2.54mm_Vertical","","Samtec","TSW-106-07-G-S"
"J302","1","SWD","","","","","${EXCLUDE_FROM_POS_FILES}","Connector_PinHeader_2.54mm:PinHeader_1x05_P2.54mm_Vertical","","Samtec","TSW-105-07-G-S"
"R401,R501,R601","3","4.7k","","","","","${EXCLUDE_FROM_POS_FILES}","Resistor_SMD:R_0805_2012Metric_Pad1.20x1.40mm_HandSolder","","Panasonic","ERJ-6ENF4701V"
"TP201","1","VIN","","","","","${EXCLUDE_FROM_POS_FILES}","TestPoint:TestPoint_Keystone_5000-5004_Miniature","","Keystone Electronics","5003"
"TP202","1","3V3","","","","","${EXCLUDE_FROM_POS_FILES}","TestPoint:TestPoint_Keystone_5000-5004_Miniature","","Keystone Electronics","5000"
"TP203","1","GND","","","","","${EXCLUDE_FROM_POS_FILES}","TestPoint:TestPoint_Keystone_5000-5004_Miniature","","Keystone Electronics","5001"
"U201","1","LD1117S33TR_SOT223","","","","","${EXCLUDE_FROM_POS_FILES}","Package_TO_SOT_SMD:SOT-223-3_TabPin2","http://www.st.com/st-web-ui/static/active/en/resource/technical/document/datasheet/CD00000544.pdf","STMicroelectronics","LD1117S33TR"
"U301","1","STM32G030K8Tx","","","","","${EXCLUDE_FROM_POS_FILES}","Package_QFP:LQFP-32_7x7mm_P0.8mm","https://www.st.com/resource/en/datasheet/stm32g030k8.pdf","STMicroelectronics","STM32G030K8T6"
